<?xml version="1.0" encoding="utf-8" ?>
<dwsync>
<file name="db1.png" server="mset.rst2.edu/portfolios/s/savio_c/" local="129118791474780000" remote="129118873800000000" />
<file name="db2.png" server="mset.rst2.edu/portfolios/s/savio_c/" local="129118791796120000" remote="129118873800000000" />
<file name="border2.gif" server="mset.rst2.edu/portfolios/s/savio_c/" local="129118752248030000" remote="129118874400000000" />
<file name="icon-printerfriendly.gif" server="mset.rst2.edu/portfolios/s/savio_c/" local="129118752249420000" remote="129118874400000000" />
<file name="icon-comments.gif" server="mset.rst2.edu/portfolios/s/savio_c/" local="129118752249090000" remote="129118874400000000" />
<file name="icon-more.gif" server="mset.rst2.edu/portfolios/s/savio_c/" local="129118752249260000" remote="129118874400000000" />
<file name="boxbg.gif" server="mset.rst2.edu/portfolios/s/savio_c/" local="129118752248190000" remote="129118874400000000" />
<file name="tpbg.png" server="mset.rst2.edu/portfolios/s/savio_c/" local="129118776288410000" remote="129118874400000000" />
<file name="buttonbg.png" server="mset.rst2.edu/portfolios/s/savio_c/" local="129118791163020000" remote="129118874400000000" />
<file name="headerpic.png" server="mset.rst2.edu/portfolios/s/savio_c/" local="129118803201370000" remote="129118874400000000" />
<file name="menubg.png" server="mset.rst2.edu/portfolios/s/savio_c/" local="129118787888150000" remote="129118874400000000" />
<file name="menuactive.png" server="mset.rst2.edu/portfolios/s/savio_c/" local="129118788963360000" remote="129118874400000000" />
<file name="border1.gif" server="mset.rst2.edu/portfolios/s/savio_c/" local="129118752247870000" remote="129118874400000000" />
<file name="bg1.jpg" server="mset.rst2.edu/portfolios/s/savio_c/" local="129118752247510000" remote="129118874400000000" />
<file name="bg2.jpg" server="mset.rst2.edu/portfolios/s/savio_c/" local="129118752247720000" remote="129118874400000000" />
<file name="brnpaper.jpg" server="mset.rst2.edu/portfolios/s/savio_c/" local="129627705000000000" remote="129118874400000000" />
<file name="globebg.gif" server="mset.rst2.edu/portfolios/s/savio_c/" local="129627705000000000" remote="129118874400000000" />
<file name="hdrpic.jpg" server="mset.rst2.edu/portfolios/s/savio_c/" local="129118752248920000" remote="129118874400000000" />
<file name="pic1.jpg" server="mset.rst2.edu/portfolios/s/savio_c/" local="129118752250030000" remote="129118874400000000" />
<file name="pic2.jpg" server="mset.rst2.edu/portfolios/s/savio_c/" local="129118752250250000" remote="129118874400000000" />
<file name="pic3.jpg" server="mset.rst2.edu/portfolios/s/savio_c/" local="129118752250450000" remote="129118874400000000" />
<file name="einstein.gif" server="mset.rst2.edu/portfolios/s/savio_c/" local="129118888816970000" remote="129118888800000000" />
<file name="pic_3.gif" server="mset.rst2.edu/portfolios/s/savio_c/" local="129118883572800000" remote="129118888800000000" />
<file name="pic_3.jpg" server="mset.rst2.edu/portfolios/s/savio_c/" local="129118884391220000" remote="129118888800000000" />
<file name="bg1.jpg" server="msetdata.rst2.edu/portfolios/s/savio_c/dataweb/practice1/" local="129118752247510000" remote="129119673000000000" />
<file name="bg2.jpg" server="msetdata.rst2.edu/portfolios/s/savio_c/dataweb/practice1/" local="129118752247720000" remote="129119673000000000" />
<file name="border1.gif" server="msetdata.rst2.edu/portfolios/s/savio_c/dataweb/practice1/" local="129118752247870000" remote="129119673000000000" />
<file name="border2.gif" server="msetdata.rst2.edu/portfolios/s/savio_c/dataweb/practice1/" local="129118752248030000" remote="129119673000000000" />
<file name="boxbg.gif" server="msetdata.rst2.edu/portfolios/s/savio_c/dataweb/practice1/" local="129118752248190000" remote="129119673000000000" />
<file name="brnpaper.jpg" server="msetdata.rst2.edu/portfolios/s/savio_c/dataweb/practice1/" local="129627705000000000" remote="129119673000000000" />
<file name="buttonbg.png" server="msetdata.rst2.edu/portfolios/s/savio_c/dataweb/practice1/" local="129118791163020000" remote="129119673000000000" />
<file name="db1.png" server="msetdata.rst2.edu/portfolios/s/savio_c/dataweb/practice1/" local="129118791474780000" remote="129119673600000000" />
<file name="db2.png" server="msetdata.rst2.edu/portfolios/s/savio_c/dataweb/practice1/" local="129118791796120000" remote="129119673600000000" />
<file name="einstein.gif" server="msetdata.rst2.edu/portfolios/s/savio_c/dataweb/practice1/" local="129118888816970000" remote="129119673600000000" />
<file name="globebg.gif" server="msetdata.rst2.edu/portfolios/s/savio_c/dataweb/practice1/" local="129627705000000000" remote="129119673600000000" />
<file name="hdrpic.jpg" server="msetdata.rst2.edu/portfolios/s/savio_c/dataweb/practice1/" local="129118752248920000" remote="129119673600000000" />
<file name="headerpic.png" server="msetdata.rst2.edu/portfolios/s/savio_c/dataweb/practice1/" local="129118803201370000" remote="129119673600000000" />
<file name="icon-comments.gif" server="msetdata.rst2.edu/portfolios/s/savio_c/dataweb/practice1/" local="129118752249090000" remote="129119673600000000" />
<file name="icon-more.gif" server="msetdata.rst2.edu/portfolios/s/savio_c/dataweb/practice1/" local="129118752249260000" remote="129119673600000000" />
<file name="icon-printerfriendly.gif" server="msetdata.rst2.edu/portfolios/s/savio_c/dataweb/practice1/" local="129118752249420000" remote="129119673600000000" />
<file name="menuactive.png" server="msetdata.rst2.edu/portfolios/s/savio_c/dataweb/practice1/" local="129118788963360000" remote="129119673600000000" />
<file name="menubg.png" server="msetdata.rst2.edu/portfolios/s/savio_c/dataweb/practice1/" local="129118787888150000" remote="129119673600000000" />
<file name="pic1.jpg" server="msetdata.rst2.edu/portfolios/s/savio_c/dataweb/practice1/" local="129118752250030000" remote="129119673600000000" />
<file name="pic2.jpg" server="msetdata.rst2.edu/portfolios/s/savio_c/dataweb/practice1/" local="129118752250250000" remote="129119673600000000" />
<file name="pic3.jpg" server="msetdata.rst2.edu/portfolios/s/savio_c/dataweb/practice1/" local="129118752250450000" remote="129119673600000000" />
<file name="pic_3.gif" server="msetdata.rst2.edu/portfolios/s/savio_c/dataweb/practice1/" local="129118883572800000" remote="129119673600000000" />
<file name="pic_3.jpg" server="msetdata.rst2.edu/portfolios/s/savio_c/dataweb/practice1/" local="129118884391220000" remote="129119673600000000" />
<file name="tpbg.png" server="msetdata.rst2.edu/portfolios/s/savio_c/dataweb/practice1/" local="129118776288410000" remote="129119673600000000" />
</dwsync>