<?xml version="1.0" encoding="utf-8" ?>
<dwsync>
<file name="objectives.html" server="mset.rst2.edu/portfolios/s/savio_c/" local="129114375600000000" remote="129118874400000000" />
<file name="default.css" server="mset.rst2.edu/portfolios/s/savio_c/" local="129118896068320000" remote="129118896000000000" />
<file name="index.html" server="mset.rst2.edu/portfolios/s/savio_c/" local="129118894342220000" remote="129118896000000000" />
<file name="readme.txt" server="mset.rst2.edu/portfolios/s/savio_c/" local="129118752247290000" remote="129118874400000000" />
<file name="contentMasterPage.master" server="msetdata.rst2.edu/portfolios/s/savio_c/dataweb/practice1/" local="129119668538550000" remote="129119673000000000" />
<file name="contentMasterPage.master.vb" server="msetdata.rst2.edu/portfolios/s/savio_c/dataweb/practice1/" local="129119649743530000" remote="129119673000000000" />
<file name="Default.aspx" server="msetdata.rst2.edu/portfolios/s/savio_c/dataweb/practice1/" local="129119645649670000" remote="129119673000000000" />
<file name="Default.aspx.vb" server="msetdata.rst2.edu/portfolios/s/savio_c/dataweb/practice1/" local="129119645387750000" remote="129119673000000000" />
<file name="default.css" server="msetdata.rst2.edu/portfolios/s/savio_c/dataweb/practice1/" local="129118896068320000" remote="129119673000000000" />
<file name="Default2.aspx" server="msetdata.rst2.edu/portfolios/s/savio_c/dataweb/practice1/" local="129119667543860000" remote="129119673000000000" />
<file name="Default2.aspx.vb" server="msetdata.rst2.edu/portfolios/s/savio_c/dataweb/practice1/" local="129119666591570000" remote="129119673000000000" />
<file name="index.html" server="msetdata.rst2.edu/portfolios/s/savio_c/dataweb/practice1/" local="129118894342220000" remote="129119673600000000" />
<file name="MasterPage.master" server="msetdata.rst2.edu/portfolios/s/savio_c/dataweb/practice1/" local="129119669796290000" remote="129119673600000000" />
<file name="MasterPage.master.vb" server="msetdata.rst2.edu/portfolios/s/savio_c/dataweb/practice1/" local="129119636115310000" remote="129119673600000000" />
<file name="objectives.html" server="msetdata.rst2.edu/portfolios/s/savio_c/dataweb/practice1/" local="129114375600000000" remote="129119673600000000" />
<file name="readme.txt" server="msetdata.rst2.edu/portfolios/s/savio_c/dataweb/practice1/" local="129118752247290000" remote="129119673600000000" />
<file name="survey.html" server="msetdata.rst2.edu/portfolios/s/savio_c/dataweb/practice1/" local="129119630217010000" remote="129119673600000000" />
<file name="test.aspx" server="msetdata.rst2.edu/portfolios/s/savio_c/dataweb/practice1/" local="129119672043530000" remote="129119673600000000" />
<file name="Web.config" server="msetdata.rst2.edu/portfolios/s/savio_c/dataweb/practice1/" local="129119645711590000" remote="129119673600000000" />
</dwsync>